employee_id,employee_name,manager_id
1,Cornelius Overland,
2,Toni Gaber,1
3,Christophorus Caitlin,2
4,Eddi Aiston,2
5,Sherie Couronne,4
6,Garek Wimbridge,5
7,Callida Ellaman,1
8,Emlyn Pringour,2
9,Stormy Klaussen,4
10,Natalie Tibols,4
11,Ealasaid Ledeker,7
12,Marcos McLagain,5
13,Marena Oldale,5
14,Harriett Heynen,1
15,Rorie Ventura,5
16,Daune Clipson,8
17,Putnam Wellfare,5
18,Trescha Gussin,12
19,Marja Bignold,10
20,Dorine Neissen,14
21,Isidor Pimblett,14
22,Robin Meacher,10
23,Hansiain Dick,13
24,Mair Bennison,23
25,Delmor Slainey,16
26,Jessee Adami,22
27,Rossie d'Arcy,10
28,Ebeneser Hamlyn,0
29,Pyotr Ghelarducci,9
30,Koren Newband,17
31,Shanon Brandom,9
32,Aurora Buten,25
33,Gunner Gligori,6
34,Gerianne Meineking,14
35,Thibaud McKintosh,30
36,Gertrud Tarr,26
37,Gavrielle Palmar,25
38,Ree Godson,16
39,Kimball Monahan,28
40,Aluino Laban,37
41,Burgess Lempertz,0
42,Harmon Capner,23
43,Cesaro Olech,17
44,Humbert Havik,3
45,Kin Whittet,42
46,Calla Dolling,38
47,Adaline Points,22
48,Junette Macia,37
49,Cecilius Lindman,38
50,Harp Rupert,4
51,Laurice Ferrierio,15
52,Kevan Ashfull,16
53,Kahlil Kenderdine,28
54,Amelia Ainscow,53
55,Mathilde Vel,18
56,Jarrad Nuzzetti,45
57,Sharon Pellew,29
58,Sophia Butter,16
59,Carin Dreakin,35
60,Curr Neylan,10
61,Celestyna Pottery,9
62,Joanie Broadis,23
63,Alyssa Startin,23
64,Dorise McGready,31
65,Maren MacGibbon,50
66,Marla Callicott,51
67,Steve Elsley,47
68,Sapphire Bauduin,67
69,Max Sheard,53
70,Theo Shord,3
71,Zonnya Spohrmann,50
72,Thorpe Gudyer,50
73,Consuelo Winridge,22
74,Harriet Collabine,27
75,Greta Savoury,17
76,Darn Keenan,44
77,Griffith Lory,19
78,Farly Willwood,46
79,Luke Mantrip,9
80,Zahara Vondra,67
81,Armando Pestell,23
82,Rene Lammerich,72
83,Fina Espy,15
84,Lurline Witchard,60
85,Esmaria Shewring,39
86,Alica Roxburgh,61
87,Charita Erat,34
88,Lesley Layzell,82
89,Hana Fahy,61
90,Albina Firbanks,3
91,Winthrop Rastall,87
92,Abbey MacRanald,80
93,Lilyan Gaiford,88
94,Francklin Veysey,83
95,Karola Veracruysse,4
96,Fina Edison,65
97,Jarrod Turley,40
98,Tiffi Theakston,36
99,Mischa Kordes,47
100,Marion Frizell,13
101,Hedwig Satchel,61
102,Shepherd Milvarnie,81
103,Simon Scherme,5
104,Athena Fockes,10
105,Edward Tipling,52
106,Ludwig Whorf,36
107,Amalee Lawrenson,42
108,Phineas Hattersley,38
109,Windy Grimsdith,82
110,Hailey McPhater,31
111,Herminia Fust,46
112,Lorette Davio,31
113,Gwendolyn Budden,11
114,Madelina Andreuzzi,26
115,Yulma Saurat,48
116,Garrik Boldison,82
117,Nels Janowski,101
118,Boyce Levensky,19
119,Sutton Dyster,104
120,Devy Cocke,61
121,Townsend Gaspard,42
122,Tremayne Hayland,77
123,Wyatan Ormshaw,114
124,Elias Morrott,76
125,Malcolm Vinck,72
126,Cristi Scrase,12
127,Yolande Merchant,10
128,Marchelle Quixley,69
129,Lorrin McLennan,34
130,Sloan Spilisy,57
131,Hort Caldero,89
132,Giraud Aspray,41
133,Wilie Gresham,113
134,Franni Lanahan,44
135,Donnell Billie,129
136,Brant Jovanovic,124
137,Farah Kitchenside,24
138,Jere Mewhirter,107
139,Calv Leafe,13
140,Stephen Lewinton,111
141,L;urette Morrieson,56
142,Belle Eagell,10
143,Walden Try,34
144,Nesta MacGoun,88
145,Hubie McGarahan,66
146,Bond Maingot,22
147,Aryn Puffett,70
148,Jeremias Tolomelli,115
149,Vonnie Wieprecht,107
150,Isador Raisbeck,112
151,Cammy Hamlen,28
152,Pauli Gouch,79
153,Emelia Vlasin,86
154,Bethina Macvey,131
155,Homerus Bohlsen,29
156,Hanson Pembridge,153
157,Kirby Erdis,60
158,Joelly Warner,75
159,Fritz Disman,19
160,Analise Forgan,33
161,Karee Delion,87
162,Elaina Mawby,69
163,Travers Elie,101
164,Nina Verny,136
165,Celisse Quested,69
166,Hercules Desquesnes,63
167,Roddy Alvarado,41
168,Hewe Shark,46
169,Clayborn Bessent,89
170,Osborne Tenby,103
171,Lyssa Adame,74
172,Waly Romanelli,58
173,Bibi Langeley,158
174,Ibby Stachini,128
175,Katleen Clendening,150
176,Kristen Allsop,44
177,Hiram Vanyashin,8
178,Washington Stoffel,25
179,Dinah Uzzell,89
180,Aidan Grayshan,169
181,Trisha Agott,32
182,Arden Benoit,176
183,Kathrine Staresmeare,1
184,Moishe Fryers,104
185,Urban Mehmet,183
186,Alecia Kos,64
187,Douglas Farthing,69
188,Clerc Nouch,62
189,Reagan Scothorn,23
190,Genia Macguire,1
191,Emlyn Pettersen,18
192,Shirl Chase,71
193,Shawn Leele,108
194,Terry Crevagh,80
195,Harriott Gallelli,83
196,Ario Sindle,130
197,Judi Allum,131
198,Alena Comber,112
199,Liane Cammoile,8
200,Case Abell,6
201,Avril Fearby,140
202,Ilsa Janisson,131
203,Richard Scoular,166
204,Lina Krinks,147
205,Ranice Chell,71
206,Perceval Dollar,56
207,Munmro Atrill,202
208,Cobb Jolly,132
209,Dallis O'Shevlan,143
210,Matti Kayley,55
211,Matilde Dumingo,195
212,Harlen Fealey,177
213,Orran Dredge,87
214,Idell Aland,173
215,Bobbye McConway,133
216,Trina De Ruel,192
217,Brianne Begent,199
218,Sianna Defew,99
219,Adler Virr,9
220,Catrina Doog,146
221,Beniamino Seedull,19
222,Kaye Paliser,91
223,Jarret Gyde,176
224,Kirbie Dresser,26
225,Balduin Kettlesting,26
226,Gerik Shelp,173
227,Grant Minelli,79
228,Cayla Snedden,48
229,Grant Paddock,198
230,Wash Bonsey,97
231,Worthington Rubinfajn,162
232,Sara Gouge,83
233,Donavon Bearne,105
234,Korey Ogborne,7
235,Piotr Jennemann,122
236,Kermit MacCaughey,122
237,Alecia Glavias,205
238,Gian Conigsby,179
239,Tarra Provost,229
240,Giff Stoddart,178
241,Elvis Espinazo,66
242,Colas Wissby,99
243,Elsie Waight,106
244,Kennan Lamlin,18
245,Jess Farlambe,178
246,Mora Patrie,109
247,Kristen Mackrell,121
248,Bendix Ahlin,146
249,Parsifal Tatlock,134
250,Kissee Barnhill,69
251,Chip Prest,224
252,Trenna Bessom,205
253,Stacia Schulz,145
254,Killy Reyna,163
255,Kathye Rubie,193
256,Maren Got,247
257,Jannelle Coop,8
258,Lydia Kincla,4
259,Edeline Bougourd,68
260,Ringo Pakeman,55
261,Harmonie Mandel,246
262,Ruby Growcock,191
263,Merle Enrigo,259
264,Windham Baythrop,174
265,Renault Raffeorty,8
266,Rosmunda McKinnon,244
267,Drona Primarolo,139
268,Wilmette Jukubczak,245
269,Rose Woollam,212
270,Allys Caskey,120
271,Arlinda Peddar,86
272,Meade Bumfrey,198
273,Ruperto Readwood,1
274,Mauricio Shuttle,219
275,Ruthy Ivoshin,18
276,Gabriell Gabbat,235
277,Uri Kleewein,256
278,Marcella Golston,41
279,Abigale Pankethman,15
280,Greggory Grinnikov,40
281,Morena Sime,124
282,Annora Belfit,9
283,Hy Scrinage,63
284,Elberta Halpine,238
285,Rosalynd Murt,147
286,Asa Theaker,176
287,Ivor Ipwell,119
288,Trix Mulvenna,60
289,Flinn Pinkerton,279
290,Conrado Torrie,7
291,Albertina Lanchbury,137
292,Sean Aberchirder,5
293,Magda Laible,139
294,Darcy Neilands,16
295,Kai Hatwell,153
296,Lynnell Ganley,204
297,Letitia Lehr,92
298,Cornie Bampton,139
299,Candida Zavattero,186
300,Maire Howick,227
301,Yank Acreman,272
302,Lauree Tregiddo,52
303,Willi Godbold,145
304,Conny Giannini,274
305,Gerianne Jiru,242
306,Edythe Daltrey,239
307,Ronnica Boules,191
308,Emlen Menure,244
309,Benedicto Urwen,280
310,Glyn Mallabund,148
311,Gay Rohlfs,244
312,Brantley Dally,56
313,Wood Hurburt,122
314,Patrica Litster,193
315,Baryram Trevithick,208
316,Blaire Lubomirski,219
317,Ethe Pitchford,134
318,Padraig Hatchman,68
319,Ignaz Gallgher,138
320,Joaquin Varden,148
321,Zsa zsa Eustice,169
322,Ora Harries,119
323,Susy Tillyer,228
324,Quinta Parlor,13
325,Felizio Dowyer,293
326,Giraldo Hariot,180
327,Melisa Cheesman,149
328,Nataline Seson,305
329,Ellswerth Jenkins,62
330,Agustin Cornfoot,10
331,Baryram Crady,251
332,Drew De Rechter,280
333,Lucia Walden,328
334,Jeanna Yellowlea,308
335,Kaylil Jeannequin,255
336,Devi Harses,301
337,Helaine Chidlow,1
338,Nil Pock,277
339,Tiffany Ferrer,119
340,Audrey Graver,10
341,Brigid Tatlow,180
342,Blayne Skurray,237
343,Cosme Sexti,172
344,Eliot Derill,154
345,Pamella Quayle,112
346,Galen Melin,154
347,Naoma Petrusch,38
348,Cristiano Childs,49
349,Jo ann Whorlton,189
350,Maynord Silverlock,179
351,Gabriella O'Gaven,125
352,Ingram Stalley,174
353,Vevay Stife,200
354,Frankie Lukianov,348
355,Thayne Whiff,156
356,Archie Mattiazzo,174
357,Harv Jendrassik,5
358,Corney Purvis,3
359,Cissy Spreag,151
360,Koenraad Leipnik,81
361,Odie Tokley,79
362,Doug Jinks,223
363,Walker Dabnor,222
364,Celia Shetliff,160
365,Tiena Mc Harg,222
366,Trista Drinkale,266
367,Bentlee Aberdein,235
368,Malinde Stickland,46
369,Marti Sharplin,137
370,Myer Narey,292
371,Alistair January,302
372,Marve Mabbot,217
373,Lucila Rickaby,260
374,Diane Grimmolby,165
375,Garvey Lightwing,350
376,Aubrey Rathbourne,37
377,Germain Cornelissen,237
378,Belinda Audsley,208
379,Joye Humbey,369
380,Gregorio Olin,346
381,Silvano Willimont,107
382,Morgun Stiven,103
383,Kingsly Petrillo,176
384,Sosanna Hanrahan,110
385,Smith Atty,294
386,Gilbert Rolance,24
387,Dan Collman,146
388,Silvano Itshak,128
389,Lindon Herreros,268
390,Rosmunda Lammerich,63
391,Sharyl Jewes,272
392,Vanya Wontner,256
393,Carlin Pool,195
394,Katerine Prophet,235
395,Connie Perkin,170
396,Darci Edgar,35
397,Ulric Harverson,71
398,Winny Endrighi,303
399,Genevieve Gavrielly,94
400,Anne-marie Greenhouse,188
401,Angie Pendlebury,92
402,Aldon Stoaks,198
403,Alyda Eakins,28
404,Aarika Bennington,376
405,Georg Jime,304
406,Hi Waine,278
407,Brewster Farthing,212
408,Yehudi McBay,73
409,Gill Kollatsch,264
410,Chic Yellowlees,364
411,Nicoli Sweeney,259
412,Aurea Slee,45
413,Stella Mattielli,358
414,Tomas Broomfield,278
415,Shel Hugnet,369
416,Laura Breakwell,145
417,Zenia Norvill,191
418,Stevie Raffles,84
419,Melessa Knowlson,111
420,Wilton Sleigh,220
421,Marlow Anselmi,365
422,Viviana Hedney,100
423,Walt Goter,273
424,Bert Whitmell,285
425,Rheta Craigmyle,338
426,Arlen Neild,283
427,Ewell Judkins,61
428,Vaclav Fulton,267
429,Daron Porcas,98
430,Vasily Palleske,311
431,Coralie Gater,23
432,Leola Braisted,95
433,Tabbitha Brodhead,409
434,Mahmoud Jeune,182
435,Basilio MacCombe,22
436,Alane Coaster,382
437,Frayda Wollrauch,18
438,Roselia Bridgewater,378
439,Myrvyn Foskett,210
440,Laney Gallaher,174
441,Antonie Ridsdale,189
442,Skye Beed,415
443,Maddy Camois,61
444,Cathe Goodson,391
445,Fiorenze Caddock,126
446,Artemus Mauger,142
447,Minnie Hartzogs,11
448,Kaspar Teodoro,134
449,Adore Kobsch,321
450,Dolorita Hubble,356
451,Julietta Bastistini,406
452,Art Sandford,221
453,Baron Clue,355
454,Durand Steagall,344
455,Giacomo Duplock,188
456,Arline Dobrowolny,220
457,Nap Aphale,440
458,Liane Dodamead,20
459,Aurie Binestead,313
460,Warren Whitley,221
461,Freeland Badgers,450
462,Claiborne Fairy,197
463,Alexa Hecks,0
464,Babbette McCaig,124
465,Hernando Getch,285
466,Kelcey Cokely,362
467,Fran Pichmann,113
468,Cob Edghinn,299
469,Tobey Moorcroft,379
470,Brand Treadgall,160
471,Karole Grimwade,52
472,Carrissa MacBey,49
473,Drusilla Maron,366
474,Claudio Borzoni,253
475,Haley Sherville,96
476,Milicent Stoute,153
477,Cazzie Leving,200
478,Belva Yushin,224
479,Brock Zanetto,47
480,Elinor Mahomet,320
481,Gae Frowd,317
482,Julita Matherson,325
483,Loree Batalini,203
484,Venita MacVaugh,404
485,Paul Lerwell,218
486,Danya Mytton,286
487,Gregory Bailess,414
488,Min Maddaford,325
489,Sigfried Scaplehorn,268
490,Cicely Van De Cappelle,464
491,Raynor Christie,285
492,Thadeus McCafferty,103
493,Vita Feares,47
494,Keelby Swine,340
495,Skip Toft,304
496,Kliment Valerio,273
497,Terrance Costa,11
498,Valentine Hendrichs,377
499,Lucine Waddam,281
500,Stefan Pantridge,103
501,Caterina McGow,136
502,Andrei Denne,34
503,Reuven Duckhouse,181
504,Aldon Ledgerton,293
505,Hans Pinel,234
506,Adrianna Gulland,476
507,Wandis McTaggart,200
508,Easter Bohike,324
509,Chalmers Santostefano.,255
510,Lesli Wynn,264
511,Adolph Vanderplas,40
512,Marian Benettolo,497
513,Cherin Hartopp,22
514,Helena Fetherstone,13
515,Northrup Ekins,424
516,Vere Revill,167
517,Maribel Keach,200
518,Leta Floyed,128
519,Brandice Maudett,363
520,Nick Eacle,35
521,Fara Pennigar,365
522,Sheilah Bellows,147
523,Ynes Menichi,425
524,Von Brimson,141
525,Harri Byron,408
526,Joseph Parkman,224
527,Flynn Ferry,298
528,Bibby Scud,393
529,Sig Surgener,450
530,Carlen Hobble,32
531,Regan Tring,283
532,Lula Habert,493
533,Celestyna Charteris,531
534,Evie Gellett,274
535,Kahaleel McDougall,336
536,Kristien Dearnly,277
537,Sylvan Barcroft,424
538,Chen Neesam,107
539,Rudolf Riha,332
540,Lidia Conklin,302
541,Cheslie MacKall,411
542,Deeann Whatsize,406
543,Devonne Birney,424
544,Krystyna Barthelme,16
545,Zelma Symmers,38
546,Don Dunseath,276
547,Meg Langman,409
548,Madlen Caddell,56
549,Hilliard Mattiassi,335
550,Yasmeen Langridge,248
551,Illa Bessant,17
552,Shell Ivankin,504
553,Cull Antonowicz,163
554,Bobbie Beste,337
555,Mirilla MacGowan,492
556,Lorilyn Verrill,42
557,Marty Hagland,11
558,Netti Knee,15
559,Ilyssa Cromley,230
560,Elsi Torfin,114
561,Salmon Ganford,58
562,Ody McGroarty,370
563,Garold Dobrovsky,379
564,Becka Edgett,206
565,Stacy Asken,282
566,Suzanne Baison,476
567,Winfred Corn,469
568,Tildi Burn,443
569,Rubin Lynd,179
570,York Alu,395
571,Gillian Videneev,466
572,Bobby Antushev,570
573,Margret Cowtherd,196
574,Lon Burkill,180
575,Anatola Harlett,143
576,Minetta Kirtley,306
577,Mayne McIleen,278
578,Neile Ramsbotham,381
579,Judon Wilber,293
580,Tiffany Eake,104
581,Kareem Tomich,493
582,Raquela Niessen,534
583,Mark Sexti,541
584,Jonah McCuish,121
585,Bastien Walklot,193
586,Hedvig MacConnal,206
587,Gena Flicker,106
588,Misti Etherton,157
589,Dimitry Odell,99
590,Giacobo Todman,573
591,Guillema Ughelli,344
592,Erena Whitrod,91
593,Stanly Whyteman,491
594,Modesta Colkett,488
595,Joli Readwood,92
596,Yettie MacGahey,238
597,Felipe Leindecker,61
598,Helyn Moulding,202
599,Cathryn Rowth,415
600,Renate Sainer,246
601,Jamaal Ricco,529
602,Carolyne Vallentin,602
603,Nikolos Bukac,573
604,Freida Cowey,577
605,Bastien Gresley,297
606,Carlina Kirkbright,287
607,Edna Stubley,221
608,Tobey Senner,518
609,Allx Gloster,531
610,Joana Joscelyn,336
611,Wildon Rayhill,220
612,Laurent Ryton,85
613,Kenneth Ramel,25
614,Merwin Cremin,257
615,Tarrance Joseff,258
616,Benni Muffett,214
617,Elsworth Wapple,347
618,Stevie John,156
619,Roselia Powdrill,335
620,Vinni Whistan,160
621,Denice Gaddas,443
622,Artemis Noye,422
623,Karim Shippam,397
624,Lamont Hoy,85
625,Percival Daskiewicz,39
626,Elita Shambrooke,244
627,Violetta Possa,444
628,Geno Caves,354
629,Bobbi Birtley,25
630,Chrystel Coller,55
631,Nancee Gethouse,216
632,Mickie Sterricker,558
633,Kat Kirby,554
634,Jasmine Dumberrill,606
635,Chicky Durning,134
636,Winifred MacCrann,446
637,Boothe Smallpeice,609
638,Siward Mullin,60
639,Rinaldo Christley,470
640,Charmine Nelson,76
641,Ceciley Walisiak,168
642,Caterina Donaghy,431
643,Berenice Hatchett,29
644,Daniele Gilbanks,76
645,Mirabel Adkins,36
646,Babb Knutsen,54
647,Emera Harte,430
648,Reese Lorincz,8
649,Estelle Clayworth,253
650,Janka Jayme,55
651,Rosalind Humphery,74
652,Derry Ambrus,8
653,Eilis Vellacott,217
654,Nicola Halburton,418
655,Jilly Burdin,496
656,Suki Heelis,459
657,Armstrong Yoxen,16
658,Jade Matley,189
659,Herman Klainer,510
660,Riane McTurk,434
661,Godiva Mougin,537
662,Kurtis Oxenham,594
663,Rice Corish,59
664,Douglass Meacher,409
665,Hubey O' Timony,497
666,Miltie Willimott,3
667,Emyle Heinke,318
668,Lazar Gergler,109
669,Theo Sawbridge,446
670,Tillie Pickett,254
671,Marcelia Boxell,540
672,Lyndsay Langston,361
673,Garald Paynes,631
674,Colet Greig,50
675,Pearl Biggins,375
676,Zonda Strowther,23
677,Waldon Offiler,462
678,Robyn Bryan,641
679,Kelwin Bourchier,265
680,Eziechiele Waddoups,197
681,Fionnula Shillaker,679
682,Estrella Ludl,411
683,Merrel Worsom,303
684,Eldon Pallasch,61
685,Marianna Pomroy,126
686,Dalis Gorry,527
687,Winna Forge,338
688,Maxi Omar,234
689,Dud Taggart,395
690,Rudyard Priestner,207
691,Lauryn Kemp,624
692,Sanders Salack,403
693,Nataline Gauson,554
694,Dionis Tern,333
695,Rosalie Fuidge,342
696,Jermain Danilov,495
697,Rakel Paiton,530
698,Cyb Hyland,537
699,Waldemar Phayre,28
700,Xylia Danford,417
701,Hi Godlee,454
702,Elsbeth Bracchi,605
703,Cyndia Measham,160
704,Grayce Roache,665
705,Ransell Opy,357
706,Olympia Basley,549
707,Abe Norcop,118
708,Xavier Halfhide,38
709,Samuele Brosini,605
710,Jorgan Dowsey,531
711,Corbett Bridel,406
712,Monroe Freer,41
713,Mercie Chaffyn,524
714,Brice Downing,541
715,Arte Baldacco,578
716,Fielding Matias,661
717,Brendon Flemyng,326
718,Thor Brislan,18
719,Ruy Alberti,546
720,Aaron Taggart,503
721,Doloritas FitzGibbon,655
722,Vida Madle,63
723,Kinna Docket,301
724,Lenette Dentith,327
725,Yank Rikkard,80
726,Hali Dimblebee,634
727,Elene Boggish,491
728,Marwin Gwyn,710
729,Blanca Mossop,12
730,Fifine Balazs,652
731,Newton Bonicelli,414
732,Evey Bampford,365
733,Karole Groarty,140
734,Jocko Metham,469
735,Abby Lamden,363
736,Odessa Pearton,472
737,Hubey Vallance,176
738,Leoine Doley,301
739,Daria Schuck,530
740,Terrie Bartkowiak,236
741,Darrick Helsdon,97
742,Janean Camacke,738
743,Darnall Mellows,273
744,Abrahan Aronstam,452
745,Jamie Castanaga,571
746,Linc Weild,115
747,Cathee Oakwell,610
748,Kearney McGinly,272
749,Hasty Ciccarello,109
750,Guy Haslum,205
751,Lorie Labuschagne,66
752,Todd Kennea,748
753,Raffarty Bertome,385
754,Rora Gresch,350
755,Crissie Custard,229
756,Ettore Cornall,704
757,Loleta Ferrelli,526
758,Bernice Forgie,93
759,Maisey Seabourne,671
760,Othelia Glaysher,124
761,Alexandros Chagg,539
762,Michelina Jewson,88
763,Alain Calbaithe,238
764,Anatole Halewood,587
765,Carly Jzhakov,210
766,Constantine Hawsby,667
767,Franky Halmkin,613
768,Vonny Umbers,343
769,Ambrose Springtorpe,489
770,Carlen Dangl,71
771,Sharon Seywood,106
772,Trixie Egell,712
773,Duke Looney,339
774,Harriott Bagenal,196
775,Ottilie Salkeld,241
776,Misty McConnal,416
777,Fanni Davenall,737
778,Cos Masters,585
779,Anya Masic,189
780,Rockey Waylen,356
781,Sharlene Danjoie,100
782,Chandra Headley,312
783,Monica Loffel,94
784,Alphonso Keningham,573
785,Brear Baribal,279
786,Lauren Franzman,716
787,Pauly Brewitt,296
788,Rosabel Turnbull,662
789,Marion Ruselin,548
790,Sheelagh Filliskirk,162
791,Terrill Wilstead,231
792,Kaylee Yurshev,387
793,Edwina Money,508
794,Mady Mercik,485
795,Dory Grigoryov,471
796,Luther Grishanov,89
797,Berton Rainy,183
798,Carmine Caskey,407
799,Vito Mathen,135
800,Darla Curner,18
801,Rene Lemon,203
802,Gena Wimmers,488
803,Louisa Grabert,179
804,Kassi Whittuck,100
805,Kore Largent,33
806,Brigg Apperley,568
807,Malanie Roglieri,593
808,Mariquilla Bonnor,699
809,Jeffie Mathivat,786
810,Khalil Currin,676
811,Nadine Jamson,96
812,Ruddy Skirvin,395
813,Giustina Robson,344
814,Koren Larrat,547
815,Marybeth Edgeson,290
816,Guillaume Younger,508
817,Alix Boanas,288
818,Hilde Crauford,285
819,Adelice Raffeorty,554
820,Teena Hockell,3
821,Jozef Kimbell,46
822,Gladys Dosedale,169
823,Phedra Filasov,52
824,Tawnya Simoneschi,310
825,Rasla Smardon,815
826,King Lamy,469
827,Alisa Cockayme,408
828,Stanislaus Desforges,588
829,Teodora Aizic,548
830,Randolf Redgate,247
831,Karly Janoschek,685
832,Jareb Sisson,368
833,Marley Harby,652
834,Daphene Gainsburgh,649
835,Bibby Abernethy,560
836,Elmo Scotchmor,696
837,Jocko Monard,650
838,Byram Gisbye,792
839,Antonetta McPhillimey,387
840,Pollyanna Headford,356
841,Langston Ganderton,629
842,Nowell Crosio,173
843,Latashia Knagges,65
844,Elyn Dulinty,219
845,Joela Jandak,642
846,Yvonne Axten,305
847,Leanor Corrison,126
848,Laureen Dearnaly,677
849,Hillel Brigdale,42
850,Dareen Sarsfield,136
851,Carley Shekle,104
852,Ash Covell,293
853,Stearn Morton,322
854,Muriel Sher,636
855,Maude Torn,566
856,Jesse Dockerty,403
857,Pyotr Canadas,264
858,Jasper Allchin,21
859,Bronson Ganderton,723
860,Nelie Vasquez,109
861,Lonnie Degan,529
862,Sisile Kose,860
863,Tawsha Zold,702
864,Burt Sheryn,1
865,Samuel Balasini,319
866,Matilda Delouch,97
867,Wainwright Staley,304
868,Zebadiah Inns,283
869,Chanda Gannicleff,468
870,Roselia Dell Casa,34
871,Cece Guyers,641
872,Arlyn Khotler,419
873,Veradis Clem,41
874,Parrnell Dayer,575
875,Danella Linley,823
876,Salli Bignell,560
877,Saundra Whorf,315
878,Cacilie Emmitt,526
879,Zane Fawdry,839
880,Lela Ivchenko,214
881,Milicent Seedman,517
882,Desirae Bernucci,406
883,Rafi Kleinplac,367
884,Harwell Woolvett,208
885,Melisse Hainey,25
886,Natty Shane,581
887,Vincent Plampin,365
888,Zuzana Downey,786
889,Lorilyn Cossom,718
890,Maddie Eiler,847
891,Natassia Blaney,372
892,Torrance McNicol,422
893,Isador Puddifer,891
894,Randolf Bourthouloume,796
895,Hatti Roakes,784
896,Giralda Elvidge,261
897,Maxwell Halpen,171
898,Wilhelmina Antonopoulos,635
899,Nicolai Birrell,751
900,Gabie Buret,201
901,Elspeth Nunson,2
902,Austine Dillinger,740
903,Kellyann Hearle,371
904,Glynn Genney,563
905,Corbie Bambrough,351
906,Tobye Dounbare,609
907,Theodore Cow,512
908,Fielding Noah,302
909,Bethanne Fawcett,892
910,Bibbie Kilminster,453
911,Sharla Maruska,755
912,Maje Renfield,440
913,Borden Presnail,812
914,Cornell Coade,561
915,Tan Cockton,181
916,Emmeline Barajas,91
917,Florenza Walduck,452
918,Leonid Packham,837
919,Meir Howles,279
920,Lorrin Betty,654
921,Desmund De Domenici,782
922,Amabelle Girling,537
923,Robenia Millea,389
924,Omar Smullen,751
925,Sydel Gagie,230
926,Georgine Mughal,470
927,Bat Jowsey,528
928,Janina Danielsky,476
929,Cristabel Blaycock,266
930,Nissy Gudyer,363
931,Grange Reglar,168
932,Ferdy Dykes,663
933,Duffie O'Dougherty,575
934,Price Buckoke,415
935,Hanna Purvey,358
936,Jannelle Wethered,828
937,Dov Vanlint,160
938,Lorenza Seger,357
939,Paulo Faughey,866
940,Modestia Williscroft,873
941,Jacob Caddick,207
942,Lucian Fitzmaurice,479
943,Mariellen Dearell,164
944,Aland Luker,505
945,Christiano Macvey,118
946,Sterling Durrance,7
947,Delmore Gullyes,424
948,Nesta Scorah,244
949,Alison Bartot,935
950,Brnaby Gershom,761
951,Verile Labbett,55
952,Jonathon Hubbard,735
953,Nonnah Twelves,686
954,Clayton Rosendale,954
955,Romeo McConway,180
956,Anne-marie Konzel,792
957,Ginnifer Robak,242
958,Pegeen Bumpas,599
959,Glennis Coiley,612
960,Georgi Connikie,46
961,Creight Rieflin,600
962,Lynda Denes,111
963,Early Magnay,919
964,Hershel Brandts,18
965,Antons Leopard,796
966,Denni Mawford,183
967,Kissie Mumbray,263
968,Derwin Conybear,125
969,Ichabod Iacobassi,68
970,Remington Dutteridge,751
971,Friedrick Titford,441
972,Feodora Kernan,175
973,Lacy Bairstow,46
974,Waly Lennox,39
975,Minetta Kenrat,715
976,Rabi Rosenberg,94
977,Adda Jackson,386
978,Shanon Morriarty,73
979,Karl Bearsmore,135
980,Warren Courtliff,23
981,Debee Clarage,296
982,Shandy Mollindinia,347
983,Iorgos Springell,425
984,Joycelin MacPhail,616
985,Blanca Cominoli,630
986,Fidela Abade,953
987,Katherine Gobeaux,155
988,Vivyanne Hulme,721
989,Shurlocke Beine,510
990,Dela Hardwidge,496
991,Phoebe Roubay,633
992,Laura Elson,267
993,Eyde Vernalls,430
994,Hulda Soldner,603
995,Tamas Roget,508
996,Pedro Colam,133
997,Tremain Redgrove,552
998,Jaquelin Semple,507
999,Prent Balcock,363
1000,Rakel Scard,677