product_id,product_name,product_category_id,sales
1,Pizza Stone,1,806
2,Spinach and Feta Wraps,2,319
3,Dark Chocolate Covered Almonds,3,393
4,Bike Repair Tool Kit,4,123
5,Cranberry Citrus Sauce,5,263
6,Smartphone Projector,6,742
7,Bluetooth Tracker,7,726
8,Cinnamon Raisin Bread,8,830
9,Compact Shoe Rack,9,330
10,Pet Hair Removal Roller,10,942
11,Rechargeable Battery Organizer,11,931
12,DIY Organic Gardening Kit,12,37
13,Sliced Bread,8,494
14,Rechargeable Electric Toothbrush,13,104
15,Kids' Science Experiment Kit,14,351
16,Creamy Tomato Basil Soup,15,489
17,Kombucha Drink,16,402
18,Memory Card,17,37
19,Savory Oats,18,930
20,Instant Camera,19,704
21,Self-Watering Planters,20,488
22,Apple Cinnamon Oatmeal,21,250
23,Vacuum Sealer Machine,22,149
24,Sweet and Spicy Barbecue Sauce,23,177
25,Vegan Cheese,24,435
26,Cinnamon Spiced Almonds,3,801
27,Kids' Outdoor Explorer Kit,25,519
28,Smartphone Projector Kit,26,339
29,Pet Camera with Treat Dispenser,27,932
30,Tea Set with Infuser,28,912
31,Buffalo Stilton Cheese,29,580
32,Cheesy Broccoli Soup Mix,30,359
33,Brown Rice,31,633
34,Portable Campfire,32,694
35,Ginger Turmeric Latte Mix,33,775
36,Pet Grooming Kit,10,723
37,Wireless Smart Plug,34,717
38,Rice Noodles,35,964
39,Fitness Tracker,36,382
40,Savory Breakfast Sausage,37,184
41,Frozen Chicken Nuggets,38,924
42,Rice Cakes,39,71
43,Potato Wedge Seasoning,40,100
44,Deep Tissue Massage Gun,41,148
45,Foot Massager,42,520
46,Mediterranean Couscous Salad,43,850
47,Smart WiFi Plug,44,834
48,Dark Chocolate Bars,45,729
49,Spicy Beef Taco Mix,40,203
50,Stainless Steel Grater,46,296
51,Chickpea Pasta,47,655
52,White Rice,48,749
53,Veggie Chips Variety Pack,39,533
54,Solar Power Bank,49,319
55,Smart Water Bottle with Hydration Reminder,50,933
56,Electric Pressure Cooker,51,723
57,Party Mini Dress,52,163
58,Handheld Vacuum,53,24
59,Avocado Lime Dressing,54,149
60,Sports Windbreaker,55,437
61,DIY Lip Balm Kit,56,752
62,Organic Coconut Flour,57,220
63,Italian Sausage and Peppers,58,942
64,Organic Sweet Potatoes,59,70
65,Sweet Chili Dipping Sauce,60,187
66,Window Blinds,61,541
67,Sliced Bell Peppers,62,564
68,Chocolate Covered Pretzels,63,928
69,Compact Pop-Up Tent,32,430
70,Herbed Couscous,64,421
71,Honey Mustard Sauce,65,990
72,Ricotta Cheese,66,796
73,Travel Eye Mask with Ear Plugs,67,87
74,Savory Pumpkin Soup,68,325
75,Electric Razor,69,624
76,Portable Air Conditioner,70,557
77,Sketchbook,71,587
78,Gluten-Free Pancake Mix,72,129
79,Organic Coconut Yogurt,73,681
80,Pleated Midi Dress,74,243
81,Chilli Lime Corn on the Cob,75,665
82,Adjustable Stand for Tablets and Smartphones,76,247
83,Compact Dishwasher,77,79
84,Durable Hiking Boots,78,887
85,Cotton Pajama Set,79,701
86,Outdoor String Lights,80,131
87,Outdoor Adventure Backpack,32,879
88,Peach & Mango Salsa,81,630
89,LED Table Lamp,82,374
90,Coconut Cream,57,67
91,Protein Bar Variety Pack,39,115
92,Pesto Pasta Sauce,83,302
93,Coffee Subscription Service,84,955
94,Cocktail Shaker Set,85,770
95,Margherita Pizza,86,139
96,Plant Pot Drip Trays,87,313
97,Sesame Oil,88,568
98,Coconut Almond Granola,89,136
99,Yoga Blocks,90,466
100,Granola Clusters,91,81
101,Pet Water Fountain with Filtration,92,677
102,Smartphone Gimbal,93,662
103,Suction Cup Hooks,11,448
104,Salsa Verde,65,343
105,Wine Glasses,94,97
106,Oven Mitts,95,455
107,Sweet Potatoes,96,28
108,Nail Polish Set,97,665
109,Shower Curtain Hooks,11,849
110,Arcade Game Machine,98,458
111,Overnight Hiking Backpack,32,236
112,Veggie Lovers Pizza,86,182
113,Kale and Quinoa Salad,99,259
114,Electric Milk Frother,100,520
115,Ceramic Bakeware Set,101,65
116,Beef Jerky,102,85
117,Outdoor Inflatable Pool,103,808
118,Spicy BBQ Sauce,65,180
119,Tomato Paste,104,848
120,LED Flashing Pet Collar,105,663
121,Crispy Kale Chips,39,350
122,Lightweight Travel Backpack,67,599
123,Almond Flour,106,298
124,Portable Phone Mug Holder,107,788
125,Hair Dryer,108,525
126,Cat Tree,109,913
127,Smart LED Desk Lamp,110,900
128,Nut Butter Cups,111,539
129,Kids Tablet,112,328
130,Electric Knife,51,351
131,Electric Hot Water Dispenser,51,464
132,Spinach and Ricotta Ravioli,35,321
133,Fitness Foam Roller,113,93
134,Peach Preserves,114,901
135,Wooden Children's Play Kitchen,115,237
136,Dog Training Clicker,116,232
137,Noise-Canceling Earbuds,117,340
138,Tailgating Set,103,954
139,Dog Training Whistle,116,147
140,Mini Projector for Smartphones,6,599
141,Fitness Tracker Band,36,290
142,Smartphone Stand,76,307
143,Frozen Pizza,118,410
144,Travel Orthopedic Pillow,67,619
145,Sweet and Sour Sauce,65,111
146,Avocado Oil Mayo,119,153
147,Classic Minestrone Soup,120,958
148,Basketball,121,735
149,LED Christmas Tree Lights,122,362
150,Pet Grooming Scissors,10,204
151,Pineapple Rings,123,882
152,Caramel Sauce,124,958
153,Adjustable Standing Desk,125,458
154,Compact Folding Table,32,875
155,Wireless HDMI Receiver,126,370
156,Cranberry Orange Oatmeal,21,643
157,Herbal Garden Starter Kit,127,395
158,Vegetarian Stuffed Peppers,128,555
159,Apricot Jam,114,393
160,Fitness Mat,129,293
161,Legging Pants,130,431
162,Cauliflower Gnocchi,131,338
163,Reversible Comforter Set,132,788
164,Lemon Garlic Marinade,133,905
165,Peanut Butter Granola,134,902
166,Creamy Avocado Dip,135,234
167,Dried Apricots,136,179
168,Utility Cargo Pants,137,951
169,Personal Blender with Cups,138,823
170,Caramelized Onion Dip,139,806
171,LED Strip Lights,82,656
172,Casual Sneakers,140,602
173,Chili Lime Corn Chips,63,521
174,Spicy Tuna Sushi Kit,141,367
175,Electric Toothbrush,13,988
176,Decorative Throw Pillows,142,960
177,Dog Frisbee Toy,143,71
178,Peas (frozen),144,394
179,Blender Bottle,145,675
180,LED Under Cabinet Lighting,82,101
181,Steak Seasoning Rub,146,928
182,Oven Mitts with Pocket,147,523
183,Phone Screen Protector,76,81
184,Garlic and Herb Cream Cheese,148,506
185,Pear and Gorgonzola Salad,149,790
186,Drone,150,601
187,Cable Knit Beanie,151,451
188,Silicone Baking Mat,1,10
189,Window Bird Feeder with Suction Cups,152,367
190,Athletic Compression Tights,153,553
191,Electric Heat Press Machine,154,663
192,Chickpea Flour,106,759
193,Children's Garden Tool Set,155,451
194,Granola Bars,39,457
195,Fishing Rod,156,131
196,Coconut Curry Chicken,118,778
197,Roasted Red Pepper Sauce,157,408
198,Portable Folding Picnic Table,80,101
199,Fried Rice,158,433
200,Crispy Chickpeas,39,673
201,Herbed Goat Cheese,29,944
202,Yoga Strap,90,470
203,Ice Cream,159,850
204,Portable Hand Warmer,7,659
205,Herb-Infused Olive Oil,88,829
206,Cinnamon Roll Kit,160,76
207,Garden Hose,12,197
208,Travel Pillow,67,608
209,Cold Brew Coffee Maker,28,50
210,Home Office Chair,161,760
211,Knitted Infinity Scarf,162,56
212,Balsamic Glaze,65,17
213,Blueberry Oatmeal Cups,163,732
214,Black Bean Soup,164,623
215,Beef Stroganoff Mix,165,726
216,Smart Home Hub,166,876
217,Dog Waste Bag Dispenser,167,55
218,USB Desk Fan,168,55
219,Peach Green Tea,169,22
220,Pressure Washer Accessories Kit,170,191
221,Dog Collar,171,286
222,Bamboo Utensil Holder,172,369
223,Electric Heat Pad,173,321
224,Cinnamon Ice Cream,174,543
225,Fire Roasted Salsa,175,29
226,Vegetable Spring Rolls,176,458
227,Sesame Ginger Dressing,54,123
228,Picnic Blanket,80,399
229,Casual Long Cardigan,177,727
230,Interactive Robot Toy,178,994
231,DIY Candle Making Kit,179,748
232,Coconut Yogurt,180,108
233,Digital Camera,181,509
234,Pasta Salad Kit,182,134
235,Canned Sardines,183,680
236,Personalized Pet ID Tags,105,389
237,Sliced Cucumbers,184,475
238,Travel Yoga Mat,90,395
239,Cacao Nibs,57,517
240,USB-C Hub,185,884
241,Peanut Butter,186,596
242,Travel Mug with Leak-Proof Lid,187,340
243,Sliced Turkey Breast,188,450
244,Children's Educational Puzzle,14,831
245,Baby Monitor,189,525
246,Sporty Slide Sandals,190,995
247,Spicy Thai Noodles,191,659
248,Cheddar & Bacon Potato Skins,176,193
249,Fridge Magnet Set,94,719
250,Graphic Hoodie,192,455
251,Plaid Flannel Shirt,193,75
252,Adjustable Yoga Mat Strap,90,653
253,Cajun Seasoning,40,465
254,Roasted Red Pepper Dip,135,968
255,Creamy Garlic Dressing,54,482
256,Classic Vanilla Fudge,194,717
257,Handheld Garment Steamer,168,577
258,Stick Vacuums Cleaner,195,911
259,Ski Goggles,196,49
260,Silicone Baking Mat Set,1,806
261,Green Smoothie Mix,16,772
262,Lightweight Rain Jacket,197,423
263,Ramen Noodles,198,964
264,Organic Green Tea,199,607
265,Whole Grain Mustard,200,996
266,Classic Pumps,201,199
267,Wireless Range Extender,202,33
268,Peanut Butter Chocolate Chip Bars,39,173
269,Sweet Chili Thai Sauce,65,239
270,Pineapple Coconut Bars,203,829
271,Frozen Cauliflower Rice,144,746
272,Fitbit Activity Tracker,36,187
273,Non-Toxic Concrete Sealer,204,723
274,Apple Cinnamon Instant Oatmeal,205,355
275,Breezy Off-The-Shoulder Top,206,568
276,Chicken Parmesan Dinner Kit,207,603
277,Multifunctional Pocket Tool,208,692
278,Maple Almond Butter,186,222
279,Adjustable Pedicure Footrest,97,906
280,Screen Cleaning Kit,209,371
281,Car Emergency Kit,210,401
282,Wall Art,142,574
283,Bluetooth Shower Speaker,211,523
284,Almond Butter Granola Bars,39,287
285,Fleece Hoodie,192,354
286,Skincare Fridge,212,967
287,Wrap Jumpsuit,213,956
288,Sesame Noodles,198,111
289,Personal Blender with Travel Lid,138,231
290,Pesto Pasta Salad,182,885
291,Smashed Avocado with Lime,214,818
292,Mesh Laundry Bags Set,11,940
293,Electric Bike,215,491
294,Ultra-Thin Laptop Sleeve,216,127
295,Cocoa Powder,57,762
296,Kid's Fruit Snacks,203,510
297,Puzzle 3D Model Kit,14,72
298,Kettle Chip Variety Pack,217,30
299,Chino Shorts,218,264
300,Vegetable Fried Rice,118,538
301,Vegetable Stir-Fry Sauce,219,220
302,Ultraviolet Phone Sanitizer,220,705
303,Electric Skillet,51,314
304,Over-The-Door Shoe Organizer,11,410
305,Organic Honeycrisp Apples,221,992
306,Frozen Berry Blend,222,959
307,Smart Fitness Scale,223,575
308,Savory Oatmeal,18,551
309,Travel Document Organizer,67,614
310,Rechargeable Laptop Battery Pack,224,312
311,Cucumber Lime Sparkling Water,225,553
312,Silicone Baking Mats,1,581
313,Pet Travel Bed,67,512
314,Smoked Salmon,226,612
315,Microwave Popcorn Maker,51,860
316,Reusable Food Storage Bags,22,917
317,Blue Denim Jeans,218,463
318,Stuffed Grape Leaves,227,33
319,Chili Beans (canned),228,683
320,Underwater Camera,229,849
321,Tuna Fish (canned),230,57
322,Wireless Printer,231,884
323,Organic Coconut Flakes,57,183
324,Portable Electric Fan,168,219
325,Teriyaki Tofu Stir-Fry,128,349
326,Siphon Coffee Maker,28,535
327,Fresh Basil Pesto,232,665
328,Chocolate Avocado Pudding,233,756
329,Motion Sensor Light,82,362
330,Electric Wax Warmer,234,940
331,Adjustable Laptop Desk,125,981
332,Smart Wi-Fi Camera,235,796
333,Magnetic Whiteboard,236,887
334,Ice Cream Maker,51,695
335,Mini Air Hockey Table,237,844
336,Watering Can with Nozzle,238,604
337,Roasted Sweet Corn,144,836
338,Cilantro Lime Rice,239,296
339,Granulated Sugar,57,430
340,Non-Toxic Crayons for Kids,240,745
341,Tandoori Chicken Marinade,241,277
342,Classic Cheesecake Mix,72,292
343,Aeropress Coffee Maker,28,875
344,Self-Cleaning Cat Litter Box,242,987
345,Cinnamon Roll Dough,243,143
346,Italian Pasta,244,312
347,Pet Carrier Backpack,67,65
348,Decorative LED Neon Sign,82,59
349,Garlic & Herb Goat Cheese,66,539
350,Maple Bacon Popcorn,63,535
351,Avocado Oil,88,422
352,Honey Ginger Tea,199,139
353,Smartphone Photography Tripod,93,504
354,Teriyaki Salmon Fillets,245,21
355,Chicken Fajita Kit,246,213
356,Honey Sesame Chicken Mix,191,355
357,Portable Massage Gun,247,68
358,Chickpea Salad,182,477
359,Over-the-Door Hooks,11,292
360,Turkey Bacon,248,726
361,Weighted Jump Rope with Counter,249,464
362,Baby Safety Corner Guards,189,443
363,Herbal Tea Sampler Box,84,72
364,Fresh Basil,250,920
365,Italian Herbal Seasoning,251,369
366,Mesh Sports Leggings,130,590
367,Basil Lemonade,33,967
368,Herb Seasoned Rice,48,898
369,Zesty Cilantro Lime Dressing,54,144
370,Vegetable Potstickers,118,809
371,Dish Rack,172,489
372,Chickpeas,252,56
373,Foam Building Blocks for Kids,253,131
374,Brazil Nuts,254,39
375,Pet Leash,105,708
376,Herbal Tea Variety Pack,199,719
377,Cranberry Almond Biscotti,255,214
378,Frozen Acai Bowl,256,329
379,Organic Green Lentils,257,759
380,Sweet Potato Mash,144,931
381,Portable Hammock with Stand,32,986
382,Portable Hammock,32,443
383,Spicy Vegetable Sushi Rolls,128,693
384,Pet Hair Vacuum Cleaner Attachment,10,318
385,Fitness Smartwatch,258,106
386,Camping Tarp,32,453
387,Vegetable Lasagna,118,10
388,Mediterranean Olives,259,427
389,Organic Fruit Salad,260,606
390,Fashionable Belt Bag,261,149
391,Gardening Fairy Figurines,262,855
392,Sriracha Chili Sauce,263,357
393,Weighted Jump Rope,249,215
394,Pet Travel Carrier,67,741
395,Sesame Seeds,57,994
396,Portable Solar Camp Shower,32,686
397,Electric Ice Cream Maker,264,11
398,Pita Bread,8,324
399,Lemon Dill Salmon,245,385
400,Marinated Artichokes,59,658
401,Stainless Steel Water Bottle,145,87
402,Tomato Basil Soup,15,788
403,Folding Backpack Chair,32,344
404,Lasagna Noodles,35,353
405,Lentil Vegetable Stew,265,205
406,Multicolored LED Strip Lights,82,369
407,Sesame Garlic Noodles,266,77
408,Spaghetti Sauce,104,103
409,Slim Wallet,267,859
410,Tactical Backpack,32,848
411,Maxi Wrap Dress,268,613
412,Paprika,269,711
413,Brownie Bites,270,536
414,Baked Falafel,136,474
415,Sculpting Kit,271,960
416,Pet Hair Vacuum Attachment,10,138
417,Spicy Thai Chili Sauce,219,440
418,Baking Soda,57,61
419,Chiffon Blouse,272,679
420,Warm Wool Sweater,273,203
421,Whole Wheat Pita Bread,274,400
422,Pumpkin Spice Granola,134,323
423,Tailored Blazer,275,911
424,Stylish Combat Boots,276,483
425,Honey Mustard Chicken Breasts,248,208
426,Pesto Genovese,65,467
427,Thermostatic Shower Valve Kit,277,300
428,Set of Measuring Spoons,46,50
429,Garlic Herb Seasoning,278,167
430,Compact Digital Camera,19,250
431,Vegetable Pizza Rolls,279,187
432,Organic Ramen Noodles,198,904
433,Car Escape Tool,210,199
434,Under Desk Footrest,280,186
435,Compact Electric Kettle,51,917
436,Rainbow Veggie Chips,39,946
437,Rain Jacket,197,462
438,Kids' Gardening Tools Set,25,374
439,Kitchen Knife Sharpening System,46,73
440,Greek Yogurt Parfait,281,137
441,Cauliflower Pizza Crust,282,72
442,Kale & Quinoa Salad Mix,283,450
443,Slingback Sandals,284,8
444,Cordless Water Flosser,13,42
445,Asian Stir-Fry Vegetables,144,177
446,Ripped Boyfriend Jeans,218,497
447,Vegan Chocolate Cake Mix,285,75
448,Faux Fur Coat,286,304
449,Peanut Butter Protein Balls,39,329
450,Body Wash,287,379
451,Spiced Pumpkin Soup,265,549
452,Vegetable Sushi Rolls,39,710
453,Whole Roasted Chicken,288,844
454,BBQ Lentil Chips,39,807
455,Frozen Fruit Medley,222,364
456,Handmade Leather Wallet,267,445
457,LED Disco Ball Light,82,559
458,Guitar Tuner,185,683
459,Throw Pillow Covers,142,421
460,Fresh Cilantro,289,786
461,Kale Salad Kit,290,248
462,Ankle Boots,291,664
463,Indestructible Dog Toy,143,409
464,Wireless Keyboard and Mouse Combo,224,978
465,Canned Black Beans,252,703
466,Teriyaki Chicken Bowl,292,666
467,Wooden Kitchen Utensil Set,46,812
468,Basil-infused Olive Oil,293,284
469,Multi-Purpose Plant Care Tool,238,412
470,Bamboo Toothbrush,13,9
471,Organic Blueberries,294,977
472,Skincare Set,212,217
473,Silicone Stretch Lids,22,597
474,Savory Trail Mix,3,234
475,Window A/C Unit,70,937
476,Thai Peanut Dressing,54,798
477,Spinach and Cheese Stuffed Shells,295,320
478,Car Vacuum,296,179
479,Honey mustard chicken tenders,297,961
480,Organic Tomato Soup,15,271
481,Vanilla Almond Granola,134,294
482,Basil Pesto Pasta,298,777
483,Maple Pecan Oatmeal Cookies,255,641
484,Recipe Book Stand,94,57
485,Himalayan Pink Salt,299,28
486,Falafel Mix,300,161
487,Stainless Steel Travel Mug,187,717
488,LED Strip Lights Kit,82,943
489,Honey,301,925
490,Peach Yogurt,281,116
491,Tomato Basil Pasta Sauce,83,702
492,Sweet Potatoes (organic),59,367
493,Organic Granola Cereal,163,23
494,Portable Leaf Blower,12,578
495,LED Flashlight with Rechargeable Batteries,32,848
496,Peanut Butter Filled Pretzels,63,455
497,Ceramic Non-Stick Frying Pan,101,95
498,Beef Taco Skillet,302,911
499,Smart Water Bottle,145,900
500,Oven-Baked Potato Chips,39,903
501,Fashionable Fanny Pack,261,972
502,Biodegradable Trash Bags,303,929
503,Wireless Wi-Fi Extender,202,636
504,Coconut Flakes,57,119
505,Pepperoni Pizza Rolls,63,68
506,Wildflower Honey,304,184
507,Brown Sugar,305,167
508,Golf Putting Green,306,87
509,Non-Stick Baking Sheet,1,226
510,High-Waisted Skirt,218,884
511,Quinoa Salad,307,556
512,Garden Kneeler and Seat,238,276
513,Golf Polo Shirt,308,259
514,High-Pressure Handheld Shower Head,309,889
515,Measuring Cups Set,1,392
516,Paint By Numbers Kit,310,505
517,Oven-Baked Cheese Crisps,63,724
518,BBQ Sauce,65,657
519,Essential White Button-Up,272,569
520,Pineapple Coconut Rice Mix,311,133
521,Wrap Front Midi Skirt,218,768
522,Garden Tool Set,238,660
523,Water-Resistant Bluetooth Speaker,211,684
524,Wireless Charging Station,76,101
525,Chocolate Hazelnut Granola,91,164
526,Coconut Milk,312,745
527,Comfortable Bed Pillow,132,127
528,Travel Luggage Scale,67,310
529,Outdoor Camping Hammock,32,967
530,Cinnamon Rolls,313,177
531,Interactive Plush Toy,14,170
532,Peanut Butter Banana Smoothie,314,619
533,Smart Thermos,145,578
534,Magnetic Phone Case,76,573
535,Strawberry Fruit Spread,315,90
536,Travel Size Toiletry Bottles,67,222
537,Sliced Provolone Cheese,66,403
538,Spinach Artichoke Dip,135,786
539,Laptop Backpack,261,642
540,Athletic Jogging Jacket,55,513
541,Ceramic Cookware Set,101,678
542,Ergonomic Mouse Pad with Wrist Support,280,823
543,Cheddar Cheese Crackers,63,997
544,Portable Solar Phone Charger,316,636
545,Egg Noodles,35,507
546,Adjustable Garden Rake,238,295
547,Kids' Craft Supplies Set,317,617
548,USB Flash Drive,17,787
549,Honey Roasted Peanuts,318,620
550,Organic Apples,319,489
551,Organic Cucumber,59,370
552,Maple Cinnamon Almonds,320,988
553,Pecan Nuts,318,870
554,Frozen Mixed Vegetables,144,110
555,Red Lentil Pasta,47,631
556,Coloring Books for Adults,321,513
557,Cranberry Almond Cookies,255,44
558,Pasta (Fusilli),35,936
559,Kids' Trampoline,322,8
560,Handcrafted Wooden Jewelry Box,323,332
561,Pet First Aid Kit,324,91
562,Portable SSD,17,102
563,Floral Wrap Top,206,823
564,Almond Flour Biscuits,325,977
565,Watercolor Paint Set,326,541
566,Cat Scratching Post with Toys,109,507
567,Magic Color-Changing Mug,187,450
568,Woven Storage Baskets,11,990
569,Running Shorts,327,445
570,Elderberry Syrup Kit,328,895
571,Cotton Sweatpants,218,144
572,Sweet BBQ Dipping Sauce,241,681
573,Wireless Earbuds,329,902
574,Portable Projector,26,455
575,Luxury Bath Salts,287,62
576,Crew Neck Sweater,273,280
577,DIY Lip Balm Making Kit,56,882
578,Mini Electric Kettle,51,455
579,Vanilla Pudding Mix,285,737
580,Heavy-Duty Utility Tote,261,682
581,Indian Curry Sauce,54,805
582,Personal Security Alarm Keychain,330,237
583,Handmade Soap Making Kit,179,421
584,Pistachios,254,894
585,Vegan Alfredo Sauce,331,108
586,Wireless Mouse,224,161
587,Herbed Mushroom Risotto,118,317
588,Wireless Charging Pad,76,982
589,Car Sunshade,107,786
590,Slim Fit Chinos,332,459
591,Halloween Decoration Set,122,954
592,Chili Con Carne Mix,333,791
593,Nature Explorer Lens Kit,25,748
594,Electric Opener for Jars and Bottles,46,758
595,Sour Cream,139,615
596,Kids' Activity Book,334,945
597,Chicken Breasts,288,661
598,Tortilla Chips,217,6
599,Wireless Security Camera,335,18
600,Smoky BBQ Jackfruit,336,694
601,Luxury Yoga Mat,90,853
602,Multi-Function Meat Tenderizer,46,856
603,Wireless Earbuds Case,76,199
604,Dark Chocolate Covered Raisins,45,961
605,Electric Air Pump,337,743
606,Compact Portable Grill,32,136
607,Digital Meat Thermometer,147,854
608,Spiralizer,46,545
609,Roasted Garlic Mashed Potatoes,144,243
610,Insulated Lunch Box,22,882
611,Pepper Jack Cheese Sticks,63,243
612,Smart Plant Monitor,338,835
613,Home Delivery Food Journal,339,506
614,Honey-Balsamic Vinaigrette,340,581
615,Video Camera,181,122
616,Wooden Puzzle Game,341,503
617,Wireless Gaming Headset,342,459
618,Vegetable Quinoa Bowl,343,652
619,Sustainable Wooden Toys,344,59
620,Chipotle Lime Salsa,175,620
621,Mechanical Keyboard,345,561
622,Decorative Throw Blanket,132,941
623,Sriracha Hot Chili Sauce,263,947
624,Pet Reflective Vest,346,351
625,Portable Camping Shower,32,303
626,Roasted Garlic Butter,347,962
627,Pet Bed with Removable Cover,92,453
628,Creamy Garlic Mashed Potatoes,348,862
629,Kettle Corn Popcorn,63,89
630,Instant Mashed Potatoes,348,892
631,Electric Rice Cooker with Steamer,51,670
632,3D Night Light,142,396
633,Personalized Keychain,349,243
634,Multifunctional Baby Bottle Warmer,350,872
635,Body Pillow Case,132,232
636,Ginger Tea,199,493
637,Lemonade Mix,351,85
638,Nut Mix,3,14
639,Leather Notebook Cover,280,745
640,Electric Heating Pad,352,215
641,Multi-Purpose Marine Rope,103,171
642,Savory Italian Herbs,278,580
643,Curried Lentil Salad,353,419
644,Pumpkin Puree,354,829
645,Electric Egg Cooker,51,72
646,Coconut Cream Pie Mix,285,258
647,Deluxe First Aid Kit,355,478
648,Oven-Baked Sweet Potato Fries,144,839
649,Coffee Making Kit,356,277
650,Induction Cooktop,264,53
651,Garlic Herb Marinade,133,995
652,Suede Ankle Booties,291,409
653,French Onion Dip,119,135
654,Foam Muscle Roller,113,343
655,Ergonomic Gaming Chair,342,545
656,Foam Roller for Muscle Recovery,113,235
657,Dill Pickle Chips,357,39
658,Coconut Cashew Yogurt,180,824
659,Roasted Garlic Aioli,60,240
660,Truffle Parmesan Fries,358,634
661,Organic Baby Spinach,359,431
662,Printed Maxi Skirt,360,620
663,Applewood Smoked Bacon,361,476
664,Electric Stir Fry Pan,264,169
665,Blue Corn Tortilla Chips,362,583
666,Magnetic Spice Jars,172,621
667,Homestyle Beef Stew,265,979
668,Pet Bed,105,447
669,Inflatable Paddle Board,103,524
670,Thai Coconut Curry Sauce,241,185
671,Maple Syrup,304,559
672,Ginger Turmeric Shots,16,807
673,Chocolate Protein Powder,363,919
674,Ramen Noodle Soup Cups,364,721
675,Electric Food Slicer,365,309
676,Pet Training Clicker,116,505
677,Pet Waterer with Filtration,92,209
678,Travel Pillow with Memory Foam,366,276
679,Vanilla Bean Greek Yogurt,367,846
680,Scent Diffuser,234,649
681,Beef Sirloin Steak,368,802
682,Pumpkin Spice Coffee,369,214
683,Chopping Board,370,619
684,Set of Gardening Gloves with Claws,87,584
685,Tennis Racket,371,667
686,Vegetarian Pizza,131,243
687,Cauliflower Crust Pizza,118,199
688,Pumpkin Pancake Mix,372,644
689,Sushi Roll Kit,373,231
690,Lightweight Workout Tank,374,559
691,Cinnamon Sugar Mix,57,967
692,Glass Tea Pot,28,181
693,Classic Beef Chili,15,114
694,Frozen Acai Pur√©e,222,619
695,Smoked Gouda Cheese,66,580
696,Mango Salsa,175,583
697,Wild Rice & Quinoa Mix,375,830
698,Manual Coffee Grinder,28,121
699,Caramel Apple Taffy,376,137
700,Wireless Earbud Silicone Covers,7,532
701,Cinnamon Sugar Popcorn,63,294
702,Bicycle Repair Kit,4,90
703,Caramelized Onion Dip Mix,135,17
704,Personal Safety Alarm,330,118
705,Classic White T-Shirt,377,619
706,Digital Thermostat,335,576
707,Sunflower Seeds,378,939
708,Brussels Sprouts,59,534
709,Coffee Capsule Dispenser,356,466
710,Handmade Wooden Utensil Set,147,380
711,Mixed Nuts,3,937
712,Digital Food Thermometer,147,4
713,Fitness Resistance Bands,379,931
714,Italian Marinara Sauce,83,356
715,Laptop Stand,216,562
716,Mediterranean Couscous,380,268
717,Garlic Herb Cream Cheese,148,756
718,Chickpea Snack Mix,39,356
719,Foldable Picnic Table,381,817
720,Portable Solar Charger,316,415
721,Casual Cropped Sweater,273,481
722,Organic Chia Seeds,382,540
723,Creamy Spinach Dip,135,61
724,Self-Massaging Pillow,383,130
725,Chocolate Syrup,304,994
726,Coconut Cream Pie,270,874
727,Desk Lamp with USB Port,110,324
728,Honey Lemon Tea,199,425
729,Spice Rack,172,824
730,Adjustable Dumbbells,379,857
731,Puzzle,384,280
732,Pocket Blanket,32,755
733,Multi-Layer Food Steamer,264,435
734,Kale Chips,75,161
735,Rustic Italian Breads,385,417
736,Carrot Sticks,75,8
737,Instant Pot,264,734
738,Pumpkin Pie Spice,57,697
739,Pepperoni Pizza Roll-Ups,279,786
740,Californian Raisins,386,237
741,Tomato Sauce,104,973
742,Baked Mac and Cheese,118,755
743,Electric Fondue Pot,51,69
744,Maple Pecan Pancake Mix,372,154
745,Peanut Butter Chocolate Clusters,194,234
746,Car Phone Mount,387,315
747,Smartwatch,258,626
748,Garlic Parmesan Roasted Nuts,388,353
749,Gaming Headset,342,741
750,Vegan chocolate chip cookies,389,308
751,Mini Indoor Hydroponic Garden,390,576
752,Automatic Pet Feeder,391,943
753,Reversible Swimming Pool Lounger,103,291
754,Classic Pesto Sauce,392,606
755,Spaghetti Squash,59,979
756,Repair Tool Set for Home Improvement,208,766
757,Cinnamon Sugar Donuts,270,218
758,Kids' Gardening Kit,25,766
759,Teriyaki Chicken Wings,118,625
760,Mini Air Purifier,220,681
761,Coconut Cream Pie Yogurt,180,429
762,Blueberry Muffin Mix,285,138
763,Silicone Baking Cups,1,8
764,Coconut Bowls Set,393,427
765,Scent Diffuser Oil,234,221
766,Lentil Soup,15,726
767,Children's Musical Instrument Set,394,580
768,Air Fryer Oven,51,445
769,Peach Salsa,395,766
770,Aged White Cheddar Popcorn,358,346
771,French Bread,8,497
772,Strawberry Rhubarb Jam,114,660
773,Vegetable Stir-Fry Kit,396,420
774,Sweet Potato Chips,63,999
775,Noise Cancelling Ear Muffs,397,665
776,Pecan Pie Filling,270,628
777,Fishing Tackle Box,156,218
778,Scented Candle Set,234,33