employee_id,name
1,Aileen Latty
2,Rosco Peckett
3,Carlie Mompesson
4,Niall Charlesworth
5,Ginevra Merioth
6,Ki Halhead
7,Alphonso Snoddin
8,Melisande Vidgen
9,Casper Wackly
10,Eugenia Serfati
11,Conrad Buggy
12,Anne-corinne McMeyler
13,Herold Balas
14,Dionysus Ianne
15,Maurene Gormley
16,Ashly Barneville
17,Nobe Roeby
18,Milzie Scrinage
19,Gaylor Carrel
20,Serena Folliott
21,Glen Pierton
22,Quinlan Cockland
23,Nancee Witsey
24,Nickey Gerardi
25,Ali Dovey
26,Humphrey Lusty
27,Francklin Norkutt
28,Corabel Andor
29,Emylee McSporon
30,Georgiana Jeff
31,Trey Maxsted
32,Corbett Assard
33,Kacie Bawle
34,William Birckmann
35,Kristien Wainscoat
36,Carmon Dobbins
37,Kristien Franceschi
38,Davidson Vedeneev
39,Fairlie Wollard
40,Justin Kaspar
41,Sondra Wrought
42,Scotty Hughlock
43,Sari Sturm
44,Casey Henden
45,Lolita Karppi
46,Hope Monnelly
47,Benoit MacCarter
48,Antonetta Baroche
49,Jean Janecek
50,Ade Forrestor
51,Flossy Swinglehurst
52,Norman Awty
53,Abagail Guarnier
54,Issiah Guilloton
55,Jewelle Salerg
56,Edith Bly
57,Mandy Toohey
58,Max Ainley
59,Queenie Beecker
60,Ashleigh Memmory
61,Husain Davidovics
62,Judas McGavigan
63,Linc Gaskoin
64,Berenice Silversmid
65,Ariel Van der Velden
66,Gabby Fishbourn
67,Kynthia Fesby
68,Belia Giacomo
69,Tess Pozer
70,Salvador Fergusson
71,Alexine Birds
72,Lucie Pesak
73,Rodge Apfler
74,Cecilio Massimi
75,Lesya Pallent
76,Aggie Rehor
77,Jessy Zoephel
78,Lammond Hayler
79,Hugh Jaques
80,Roscoe Toon
81,Juditha Biermatowicz
82,Lonnard Jacqueme
83,Blakelee Longshaw
84,Patsy Pomfrett
85,Elnora Kennifeck
86,Culley Kliner
87,Hammad Timewell
88,Ema Vakhrushev
89,Puff Richardes
90,Costanza Dyer
91,Jackelyn Martinyuk
92,Nara Todeo
93,Krishnah Rodriguez
94,Chandler Parmenter
95,Rae Harcourt
96,Terese Colman
97,Robbyn Hukins
98,Rutter Arcase
99,Rita Corah
100,Julie Sjollema
101,Kaneel Dias