customer_id,name
1,Shellysheldon Sherwood
2,Jobina Ciardo
3,Desirae Edgerly
4,Stevana Stearndale
5,Isabelita Ebbins
6,Kathryn Scawn
7,Nicoli Ibanez
8,Helen De Cruze
9,Madonna McAllester
10,Bunny MacGilpatrick
11,Brinn Norcock
12,Brod Calvard
13,Sharline O'Cannovane
14,Nelly Avraam
15,Raquela Peddowe
16,Kaneel Dias
17,Mommy Wile
18,Rossy Beauchamp
19,Leo Dagworthy
20,Nerti Sammonds
21,Letizia Yuryshev
22,Boony Fynan
23,Conchita Littlemore
24,Darill Base
25,Vick Iorio
26,Manuel Huertas
27,Wolf Cregeen
28,Chelsy Lovewell
29,Portia Manes
30,Abrahan O'Donoghue
31,Mehetabel Camsey
32,Orv Chirm
33,Callean Meese
34,Marena Sandars
35,Frants Cullimore
36,Ainslee Whoolehan
37,Karoly Aslum
38,Haven Kubecka
39,Vinson Drayson
40,Serge Wapplington
41,Ketty Pozer
42,Waylon Mainston
43,Koren Grigg
44,Ara Younie
45,Sandye Oury
46,Aurel Smaile
47,Celestyna Delamaine
48,Paige Simes
49,Tye Kings
50,Stillmann Cameron
51,Alfred Banishevitz
52,Clemens St. Louis
53,Justinn Lemmer
54,Mar Ciottoi
55,Laurette Mcimmie
56,Gale Greenman
57,Kakalina Wooldridge
58,Sergeant Mickan
59,Else Mackley
60,Cyrillus Woltman
61,Dorree Dunaway
62,Abbey McGreal
63,Saleem Emes
64,Rea Connerry
65,Arch Dufall
66,Cele Fellibrand
67,Paton Benzie
68,Griswold Clementi
69,Hamid Sambals
70,Kynthia Bingley
71,Michal Areles
72,Tyrus Leicester
73,Silva Dunn
74,Conrade Haslen
75,Morgun Candlin
76,Veronike Scud
77,Wilt Guillford
78,Shurwood Hanton
79,Marty Boake
80,Carmencita Ragsdale
81,Reidar Dassindale
82,Adorne Ovendon
83,Toddie Lortzing
84,Blane Haycroft
85,Mozelle Heigl
86,Lorraine Gieves
87,Ebenezer Simeone
88,Angie Lyes
89,Rosa Fessby
90,Rubie Gartan
91,Lydie Nason
92,Ivie Roberts
93,Ari Barhims
94,Traci Lovitt
95,Vida Diprose
96,Teodorico De Anesy
97,Mervin Housecroft
98,Saundra Fenge
99,Pia Outhwaite
100,Rozamond Van der Velde
101,Roxanne Donne
102,Pietra Book
103,Cad Torrijos
104,Horatio Foltin
105,Lindy Eakin
106,Elwood Bunkle
107,Lazaro Seccombe
108,Esther Birdwhistell
109,Kaycee Djokovic
110,Andrej Liddicoat
111,Cesya Marrett
112,Elmore Deppen
113,Mareah Kensley
114,Brew Goakes
115,Trent Agglione
116,Dev Orts
117,Nevile Light
118,Vivyanne Wiffield
119,Anetta Fortman
120,Fredek Laughton
121,Kerk Klinck
122,Maxie Bartoshevich
123,Freda Lackemann
124,Byrom Viccary
125,Gerrie Paradine
126,Ardath Lavis
127,Manon Allonby
128,Linet Huchot
129,Bobbie Finneran
130,Otha Fick
131,Theobald Buckberry
132,Locke Candlin
133,Ida Teather
134,Babara Clampe
135,Whit McVity
136,Milly Garken
137,Juanita Bunney
138,Winna Kemson
139,Zack Coggell
140,Bren Schubert
141,Andria Lafferty
142,Itch Gilhooley
143,Cherri Baudins
144,Tonya Crose
145,Dur Antonignetti
146,Jone Templeton
147,Casar Plows
148,Jerrilee Iredell
149,Sunny Brandoni
150,Anderea Castri
151,Joyann McRobbie
152,Gilberte Mingardi
153,Nicky Summerscales
154,Merlina Leyes
155,Wolfy Iacobo
156,Druci Jarlmann
157,Lilly Smithson
158,Amble Brimm
159,Cathy Fallows
160,Fritz Challens
161,Victor Lars
162,Sigismondo Lamers
163,Gayler Adlam
164,Herby Erley
165,Hermia Albutt
166,Elenore See
167,Greg Aspinell
168,Vivianna Lyfe
169,Louisa Peppard
170,Kirbie Maruszewski
171,Orlando Tallon
172,Oran Pierton
173,Mora Pitway
174,Genny Dran
175,Graig Gerardet
176,Korrie Trumper
177,Thibaud Barthelme
178,Christye Chevin
179,Leo Riggoll
180,Nada Giacobini
181,Lanni Ovize
182,Reinwald Ickovits
183,Adela Tather
184,Lauretta Zavattieri
185,Stanislaw Olliver
186,Merv Hosby
187,Johnna Wincom
188,Jeno Mazella
189,Brena Myerscough
190,Ted Gateland
191,Corri Kleinplac
192,Mitzi Avramovitz
193,Zola Maryon
194,Roxi Pidgeon
195,Amie Pearsey
196,Angelita Coon
197,Mufi Hogbourne
198,Suzi McGinny
199,Pat Ritson
200,Netty McAreavey
201,Denni Bampfield
202,Karena Sansbury
203,Brady Gossan
204,Bobbee McAw
205,Bibbie Siddeley
206,Chrissy Caulcutt
207,Elyn Keyse
208,Brendin Spir
209,Tobin Archanbault
210,Linc Puttock
211,Wynn Arnatt
212,Claiborn Scintsbury
213,Rozalin Braundt
214,Onfroi Deave
215,Kanil Dias
216,Teddie Tappin
217,Kahaleel Folke
218,Kerri Cordelle
219,Jobyna Paull
220,Mort McAlroy
221,Nicola Jozaitis
222,Carita Gronowe
223,Evelin Karleman
224,Gena Ivakhno
225,Walden Bryde
226,Stephannie Glusby
227,Ripley Hellyer
228,Hendrik McRamsey
229,Cassi McMurty
230,Mortie Heffer
231,Eyde Solan
232,Mab Burnie
233,Jemmy Scarsbrook
234,Trevar Deadman
235,Caty Spacie
236,Eugene Blankman
237,Nataline Gawne
238,Gottfried Gunston
239,Ashby Santore
240,Emalia Attwater
241,Thorin Perryn
242,Lib Drewes
243,Dierdre Walewski
244,Kevina Sommerscales
245,Megan Houdhury
246,Petrina Thamelt
247,Clem Wase
248,Alexia Ingley
249,Marty Gibby
250,Jilleen L'Hommee
251,Had Bram
252,Dominick Blader
253,Davie Nowak
254,Mack Shimmin
255,Griffie Hosburn
256,Karry Pestor
257,Piggy Antonoyev
258,Amabelle Danton
259,Sarene Sustins
260,Ricard Monckton
261,Serge Foy
262,Maris Carwardine
263,Vivyanne Clapton
264,Constance McMillam
265,Travus Ansell
266,Eleonora Betancourt
267,Zacharias Pesticcio
268,Freddie Gaylard
269,Manya Margram
270,Daveen Salasar
271,Hana Madden
272,Joelly Yashanov
273,Letty Everett
274,Valentina Ballham
275,Reeta Duffell
276,Jo ann McMurray
277,Rhys Steedman
278,Jehu Zuann
279,Josias Sibthorpe
280,Kalil Weston
281,Teriann Morat
282,Molly Beeton
283,Chantal Foggo
284,Stacee Kilfeather
285,Cob Samms
286,Izaak Trowell
287,Judas Pidgin
288,Shandy Curd
289,Vanni Bruck
290,Sherlocke Mary
291,Beauregard Keeves
292,Chloe O'Curran
293,Ira Skitteral
294,Justin Bramwell
295,Hildy Hymas
296,Tadeas Selman
297,Barbi Cosin
298,Adoree McClosh
299,Erinna Brisset
300,Brad Burless
301,Lorrie Zini
302,Burl Alliban
303,Merell Grishinov
304,Leta Gannicott
305,Shelley Daish
306,Arnuad Adanez
307,Ganny Scarlan
308,Janot Pierro
309,Isahella De Blase
310,Koralle Semmence
311,Elisabeth Nation
312,Jacquie Hurley
313,Jenni Ousbie
314,Marlo Rudd
315,Quintina Brose
316,Savina McNeil
317,Constantine Caverhill
318,Brock Currier
319,Albert Lindhe
320,Heddie Rolfs
321,Annabelle Chivers
322,Kattie Barrs
323,Sarette Daunay
324,Dasya Stubbeley
325,Haily Steynor
326,Kaneel Diaz
327,Pauly Muckloe
328,Des Ungaretti
329,Wakefield Gartery
330,Chuck Stenner
331,Darius Paynes
332,Philippa Durbin
333,Iggie Dulany
334,Amata Eggerton
335,Michal Brooksbie
336,Rudolfo Loreit
337,Sheryl Brantl
338,Holly Ivan
339,Rosie Whitby
340,Huntlee Treat
341,Nomi Dowry
342,Barbie Feldon
343,Mark Kingcote
344,Annemarie Giovannacci
345,Philomena Usmar
346,Bunnie Dolby
347,Magda De Vaan
348,Luciana Lenin
349,Chas Batrop
350,Othello Climance
351,Barby Kitt
352,Kaiser Troppmann
353,Jesse De Metz
354,Guss Snugg
355,Rickard Tomaskov
356,Nikolaus Daye
357,Neysa Mico
358,Doralia Rameaux
359,Gabi Persehouse
360,Der Lowry
361,Christel Wetter
362,Rodolphe Tomaskov
363,Judi Mansfield
364,Larissa Layfield
365,Leroi Benham
366,Sebastian Fludgate
367,Leontine Andreuzzi
368,Arley Candlish
369,Debbie Stanway
370,Nickolaus Francioli
371,Ronald Reicharz
372,Jameson Simkins
373,Jacques Housen
374,Pietra Poyzer
375,Gayelord Dallan
376,Danila Rippingall
377,Jannel Synnot
378,Kristoffer Plaster
379,Saul Faires
380,Patrizius Mullins
381,Beale Wapplington
382,Kate Treher
383,Maddalena Aguirrezabal
384,Trstram Graysmark
385,Tarra O'Fihily
386,Romola Lampke
387,Leda Danigel
388,Linell Levens
389,Laure Coverlyn
390,Hartwell Blaisdell
391,Case Kilmartin
392,Wallas Treby
393,Hi Stilgo
394,Blakelee Hartzog
395,Sherlock Folshom
396,Igor Arrault
397,Zolly Cavanaugh
398,Meghan Lambswood
399,Waite Tapin
400,Trip Hollier
401,Marlo Peake
402,Truda McCuthais
403,Glynn Struys
404,Rayshell Paulillo
405,Dorey Wylam
406,Kennedy Moffet
407,Peirce Barthot
408,Merrielle Bolderoe
409,Angelique Warret
410,Florina Arrault
411,Averill Iliff
412,Jordana Brundale
413,Jany McCotter
414,Orly Henlon
415,Aundrea Samter
416,Isabeau Sysland
417,Nowell MacAndie
418,Opaline Crockatt
419,Amara De Lascy
420,Marsh Chanter
421,Orren Nesbit
422,Chery Eddow
423,Tandie Sainsbury
424,Lotta Bresman
425,Octavia Colmore
426,Jules Bethune
427,Erina Paunton
428,Eachelle Chidler
429,Karlotta Maddox
430,Catarina Scud
431,Rancell Stitwell
432,Hanan Dankersley
433,Dorella Pleavin
434,Leila Gregor
435,Lorrie Simpkin
436,Ortensia Doumer
437,Cristi Jacson
438,Thorndike Retchford
439,Alma Tween
440,Bruno Mushrow
441,Teddie Schukert
442,Jesus Rodliff
443,Curt Spedding
444,Quintana Pickerill
445,Andy Loverock
446,Constantia Kinchin
447,Kylynn Armiger
448,Mae Wastling
449,Reeta Jowsey
450,Nicol Gouch
451,Giffer Stocky
452,Quentin Kingstne
453,Duky Fouracre
454,Chas Buxey
455,Vidovik Tarbard
456,Frayda Bummfrey
457,Kacy Thunnercliff
458,Illa Farman
459,Coralyn Saffon
460,Trev Ethelston
461,Patrice Schonfelder
462,Yelena Vasilmanov
463,Elijah Francklyn
464,Abbey Bulch
465,Debera McGregor
466,Neilla Perrington
467,Cindy Eastabrook
468,Perren Cod
469,Coop McInteer
470,Janeel Dia
471,Gabrila Tudhope
472,Kennie Fippe
473,Linnell Tumber
474,Millie MacGilpatrick
475,Ardith Dransfield
476,Theda Mettrick
477,Hammad Rowson
478,Marmaduke Inglesent
479,Johnathan Juara
480,Deborah Woodruff
481,Renaud Brunke
482,Tadio Luna
483,Johnna Ashtonhurst
484,Zsa zsa Etches
485,Arlin Kemmish
486,Esme Stansell
487,Rana Lemerle
488,Cazzie Henrie
489,Emmott Jemison
490,Davida Waples
491,Lilia Taggett
492,Johnathon Crowhurst
493,Judas Jaycocks
494,Jamison Lavarack
495,Pepi Loughlin
496,Barthel Kelbie
497,Towney Amy
498,Puff Fritche
499,Niels Bliben
500,Jeremie Wherrit
501,Nolan Thurley
502,Nicol Gland
503,Shoshana Dillestone
504,Warde Leaburn
505,Merrie Mulvaney
506,Christiano Semmence
507,Gisella Ellard
508,Daria Beaston
509,Abbey Gylle
510,Lesya Couth
511,Franciska Matthius
512,Addison Patrone
513,Bianka Kenrat
514,Patty Glazer
515,Cherri Saxon
516,Selig Penzer
517,Alexio Fawks
518,Kent Duthy
519,Blinnie Spat
520,Mortie Oattes
521,Eduardo Jorez
522,Athene Frost
523,Jesselyn Pickworth
524,Nicoli Benardeau
525,Mehetabel Humphries
526,Sherlock MacDirmid
527,Patsy Danaher
528,Jeannie Ceschini
529,Egan Randal
530,Rica Bohje
531,Lenard Racine
532,Kanil Diaz
533,Bunnie Cheake
534,Vinny Boaler
535,Averell Skerritt
536,Ashli MacMichael
537,Jarrett Insole
538,Lennie Stollsteimer
539,Clair Danihelka
540,Francklin Challin
541,Issi McTrustey
542,Tierney Willshire
543,Esdras Ashelford
544,Antoni Gillise
545,Delilah Fosberry
546,Ynes O'Neal
547,Nadya Figliovanni
548,Westbrooke Gleadhall
549,Corinna Varcoe
550,Pier Scripture
551,Leena Whyley
552,Cynthie Hamshar
553,Lane Coopey
554,Krispin Bickardike
555,Sheffield Axon
556,Gilly Frazier
557,Carlotta Greville
558,Teodoro Stonman
559,Deva Escot
560,Thomasin Guyer
561,Freddie Goalley
562,Jannelle Fridaye
563,Willie Baxill
564,Auberon Demkowicz
565,Yorgo Matzen
566,Scotty Toulamain
567,Nap Forsdicke
568,Wallie Badder
569,Quintina O'Crigan
570,Beniamino Courtes
571,Clevey Mennear
572,Dall Weale
573,Nealon Thirst
574,Dennison Quade
575,Merrill Stidever
576,Iorgo Sokill
577,Merrilee Mieville
578,Nicholle Davidovits
579,Rand Jeynes
580,Maurizio Burdett
581,Lorianne Footitt
582,Gail Poge
583,Alic Carsberg
584,Corrinne Pratten
585,Martin Rothery
586,Rikki Flukes
587,Chas Rowlatt
588,Andee Ivanonko
589,Roger Killich
590,Ardelia Danton
591,Gates Epton
592,Norry Spadazzi
593,Ariela Isted
594,Auguste Buye
595,Chrotoem Barrat
596,Dion Lutwyche
597,Bartholomeus Hanigan
598,Elyn Lampert
599,Dahlia Weiner
600,Nicoline Fowells
601,Caneel Dias
602,Ethelda Buye
603,Burg Dugget
604,Emili Geldard
605,Aurelie Niece
606,Helge Greenrod
607,Darice Conew
608,Brietta McCarrell
609,Malynda Dreigher
610,Laurice Broinlich
611,Paulina Keppy
612,Winifield Gowry
613,Jammie Blesdill
614,Kalli Pallant
615,Rhiamon Brugger
616,Stearn Giral
617,Editha Ketchaside
618,Valene Jannex
619,Alfred Everil
620,Erin Luciano
621,Kameko Verdy
622,Ava Vaskov
623,Lief Gerrad
624,Dominique Peters
625,Rancell Bellefant
626,Lyon Strelitzer
627,Elicia Tuite
628,Eulalie Toffalo
629,Vally Fleote
630,Sauveur Kolak
631,Leonhard Lorek
632,Layney Mish
633,Kaneel Dia
634,Isac Farlam
635,Angelico Bailey
636,Pincas Shevels
637,Carmelle Mottinelli
638,Camel Valerio
639,Falkner Shotbolt
640,Gwenette Daubney
641,Hamil Trimmell
642,Pavla Knell
643,Alexina Chupin
644,Lawrence Ernke
645,Jacintha Dorrity
646,Berk Heatley
647,Toiboid Blackburn
648,Kaneek Dias
649,Natalya Wiggin
650,Melanie Cooke
651,Barry Currom
652,Lani Allbones
653,Shae Boxer
654,Homerus Wooton
655,Kanee Dias
656,Maryanne Hardisty
657,Koenraad Fetters
658,Jesus Pinkstone
659,Evelin Culver
660,Buck Bantham
661,Weylin Chick
662,Delmor Chittim
663,Dagmar Spawforth
664,Inez Surby
665,Jacquetta Sinnatt
666,Averell Ricks
667,Xenos Furmenger
668,Engelbert Bartoszek
669,Frasco Sharplin
670,Alfy Clapshaw
671,Hall Neighbour
672,Demetris Flanne
673,Sandor Moscon
674,Wynn Gillie
675,Bron Troker
676,Andrei Mansford
677,Caneel Diaz
678,Lutero Burnhams
679,Minnnie Keizman
680,Jarrad Lechelle
681,Wolfy Rodriguez
682,Leila Ripley
683,Axe MacCathay
684,Ansley Moughtin
685,Saloma Eblein
686,Betteann Stammler
687,Sherilyn Passo
688,Jandy Corday
689,Alfie Heisler
690,Charlie Hullock
691,Sib Galliver
692,Alexandra Berston
693,Estele Jinkin
694,Joelly Fullicks
695,Bary Bonaire
696,Othilia Bayford
697,Hazel Markovic
698,Clarie McCuthais
699,Grata Saint
700,Mayer Kleinmintz
701,Rozina Neem
702,Prentiss Lidgertwood
703,Leupold Lorkins
704,Conny Fullun
705,Roch Chadbourn
706,Madalena Clingan
707,Addia Orys
708,Loise Thireau
709,Debby Carus
710,Xylina Pikesley
711,Genia Hewson
712,Ciel Pretor
713,Quentin Fairbeard
714,Kerri Millmoe
715,Annabela Granham
716,Sharla Duffill
717,Beniamino Gildersleeve
718,Pincas Edgeson
719,Stu Petrushka
720,Ivar Aldhouse
721,Jeanelle Proudley
722,Rupert Sloam
723,Aaron Standon
724,Quent Whymark
725,Canil Dias
726,Delphine Endricci
727,Carmelia Starr
728,Cathy Foulgham
729,Carri Javes
730,Gregoor Stuchbery
731,Amy Keast
732,Cele Yoodall
733,Marlee Sammut
734,Kirsti Havercroft
735,Vito Basillon
736,Gertrude Thurgood
737,Gabby Paragreen
738,Durante Ferraraccio
739,Caspar MacGorley
740,Araldo McCook
741,Herb Defty
742,Knaeel Dias
743,Beret Goodsir
744,Nettie Noury
745,Renato Grimsdith
746,Birdie Fance
747,Enrichetta Cridlan
748,Nyssa Cogdon
749,Dunn Antognazzi
750,Candis Murr
751,Mei Dalziell
752,Anica Cristofolini
753,Merrill Giampietro
754,Lorain Payle
755,Karna Dreghorn
756,Emlynn Surgeoner
757,Barth Fordy
758,Enrichetta Tourmell
759,Fernandina Heavy
760,Janey Riceards
761,Lin Amey
762,Karena Bontoft
763,Sela Flaunders
764,Agnes Semonin
765,Nadiya Dowdeswell
766,Jake Livermore
767,Shelley Keats
768,Wayne Beller
769,Culley Hubery
770,Derward Rapson
771,Gwendolen Severwright
772,Bianka Highwood
773,Canil Diaz
774,Torrey Siddle
775,Dani Esherwood
776,Tommy Oldnall
777,Adelina Grigori
778,Elisa Duligal
779,Nikola Chandlar
780,Chico Clayhill
781,Percival Garmon
782,Shem Marskell
783,Cazzie Goodnow
784,Amy Waud
785,Gladi Billam
786,Ingra Wilks
787,Randolf Stallworthy
788,Daphene Sennett
789,Brockie Lenox
790,Hedvige Samuel
791,Caril Bakewell
792,Caroljean Narey
793,Larry Magnay
794,Lira Skala
795,Juanita Wiffen
796,Orelie Derricoat
797,Casper Fydo
798,Ange Sergeaunt
799,Sheffie Gillam
800,Georgena McCague
801,Rahal Rudge
802,Norma Parratt
803,Adda Marwick
804,Angelina Exposito
805,Stevie Delamere
806,Lida Edmonson
807,Kacey Farres
808,Isabel Nelthropp
809,Renard Eldredge
810,Clemmy Lowder
811,Berke Spaughton
812,Henrietta Lapworth
813,Friedrick Laidlaw
814,Ruby Mountcastle
815,Avivah Yarker
816,Lucho Yerbury
817,Olav Harfleet
818,Ema Shilvock
819,Glyn Yelden
820,Sigismund Pilkinton
821,Rhetta Loftus
822,Georges Blincow
823,Crissy Mendus
824,Junette Meiningen
825,Harri Yakunkin
826,Kelsi Taillard
827,Lincoln Cove
828,Bartlet Salan
829,Jewelle Markushkin
830,Juliane Grzeskowski
831,Franz Menico
832,Gertrud Valenta
833,Boote Oller
834,Normand Wenden
835,Daune Kirwood
836,Trueman Eul
837,Ruthy Loody
838,Sander Pendleton
839,Nana Schrinel
840,Di Draco
841,Stefanie Willstrop
842,Erminie Carlan
843,Mildred Vasilov
844,Silvie Pitson
845,Willey Henkmann
846,Darcy Kenafaque
847,Claudell Millan
848,Jephthah Cypler
849,Lauraine Scaice
850,Petronille Ramsted
851,Karoly Struttman
852,Florry Capelen
853,Garreth Breckwell
854,Raoul Pibworth
855,Rochelle Ritmeyer
856,Amy Sworn
857,Janos Van de Castele
858,Tessie Spitell
859,Bogart Vasilchenko
860,Raff Stoll
861,Jessalin Tunniclisse
862,Florencia Cruz
863,Julianna Amner
864,Merna Veale
865,Evin Duckers
866,Joelle Staddart
867,Chrissie Upshall
868,Kaitlyn Partlett
869,Jonell Hayles
870,Dalenna Poxson
871,Hayyim McLevie
872,Gal Eldered
873,Kaneel Dais
874,Trudey Sacco
875,Gerda Staig
876,Kaneel Diyas
877,Johnath Arnould
878,Linnea Lidbetter
879,Ynez Tippett
880,Leoline Childes
881,Jeri Solan
882,Emmet McComish
883,Filip Lambot
884,Kiley Taverner
885,Howey Hacker
886,Haily Olman
887,Kylie Deppen
888,Rubie Tarzey
889,Lianne Hourston
890,Rosalie Mohammad
891,Pattie MacClay
892,Chrotoem Harrop
893,Iseabal Colt
894,Ursa Lassen
895,Damian Weatherup
896,Neill O'Fogerty
897,Herc Tomei
898,Lorrin O'Caherny
899,Gus Larmuth
900,Clemente Godehard.sf
901,Glynnis Prinnett
902,Ronnie Mingasson
903,Mel McCaughan
904,Rey Lewknor
905,Ray Lansdown
906,Jefferson Meiklam
907,Royal Giacomucci
908,Kit Tante
909,Roxanna Northridge
910,Lanie Rousel
911,Evaleen Ebbles
912,Elmore Mounsie
913,Rouvin Portman
914,Tiffy D'Elias
915,Fianna Tidgewell
916,Saundra Tranckle
917,Adrian Trout
918,Osgood Sprowell
919,Kevan Lewsam
920,Rodney Klemensiewicz
921,Lion Dewen
922,Zoe Soall
923,Rudolph Waller
924,Kanil Diyas
925,Felic Walcot
926,Tailor Giraudy
927,Beatrice Gundry
928,Dolorita Cappleman
929,Odey Coling
930,Britney Habben
931,Viole Bartolacci
932,Benji Sewart
933,Carmella Frudd
934,Sutherlan Maciak
935,Stepha Doorey
936,Sacha Daintith
937,Flin Tearle
938,Babbie Gellately
939,Rolph Laugheran
940,Gun Cushion
941,Alberta Crease
942,Dorothee Dionisetti
943,Batsheva Rief
944,Melvyn Gammell
945,Desirae Vidyapin
946,Corabella Westwood
947,Mallorie Rainsbury
948,Inglebert Ivens
949,Mylo Borrott
950,Sigismundo Bodell
951,Courtnay Peasee
952,Daniela Blumer
953,Phillis Indgs
954,Luci Skedgell
955,Lurleen Willingale
956,Brit Harriot
957,Arther Sonschein
958,Ignazio Toffanelli
959,Doralynne Malcolmson
960,Nydia Pinock
961,Janka Orrin
962,Quincey Pethick
963,Don Geharke
964,Orazio Axe
965,Sarah Mobius
966,Alaine Jameson
967,Rena Fitzer
968,Lisle Hales
969,Kissee Shelborne
970,Rawley Bullingham
971,Michel Burlay
972,Rem Rowston
973,Celisse Schneidar
974,Kinnie Gorstidge
975,Martina Frankling
976,Ike Nuss
977,Hilton Dingate
978,Bowie Bleackly
979,Patrice Buckell
980,Bertina Wackly
981,Merrile Lamyman
982,Marlyn Freeburn
983,Reidar Noquet
984,Esra Bourcq
985,Madeleine Learman
986,Alexandros Geekie
987,Christabella Ends
988,Rockie Cassella
989,Sioux Aldren
990,Donia Roughey
991,Langston Persehouse
992,Nerty McGillreich
993,Helga Clapshaw
994,Freddie Gelling
995,Janenna Creany
996,Eldon Clerc
997,Janeel Dias
998,Lynsey Rigeby
999,Mickie Attawell
1000,Harold Goodison